"","baseMean","log2FoldChange","lfcSE","pvalue","padj"
"ENSMUSG00000000085.16",272.581791991196,-0.624645385806117,0.240173314481208,0.000465471289274894,0.024005252665833
"ENSMUSG00000000159.16",578.085948153292,-0.55647302487648,0.208830439678283,0.000442245327301398,0.023132106123402
"ENSMUSG00000000303.12",1402.17005234306,-0.910086589325329,0.22787000497206,3.13554994468003e-06,0.000512070145410079
"ENSMUSG00000000386.16",55.5271709094387,-2.7660685227715,0.79536664356986,1.50941073252053e-05,0.00181846876611367
"ENSMUSG00000000915.15",1033.94248263149,-1.28875038781309,0.248681190530461,1.02282000037996e-08,4.55557829260141e-06
"ENSMUSG00000001467.5",5556.96347491924,0.562236466151221,0.249859945295653,0.00112488974413276,0.0436463081466853
"ENSMUSG00000001506.10",584.592177585749,-1.89938534915116,0.370610044544241,1.27776097065189e-08,5.52368551371808e-06
"ENSMUSG00000001665.11",2301.27415354072,1.63081064952,0.199463188501907,1.48334223795524e-17,1.09010821067331e-13
"ENSMUSG00000001763.14",179.845994925699,-0.879000602312519,0.371034612587974,0.000641758801657638,0.0300400346075286
"ENSMUSG00000002033.14",48.9851903824579,-0.148053828985816,0.294133476351066,0.000348970151927193,0.0195025220267144
"ENSMUSG00000002588.13",16830.8481284598,0.484875787389498,0.167964990400401,0.000281852580536784,0.0169923782567694
"ENSMUSG00000002847.7",1269.05135724435,0.583219345014224,0.203500014821344,0.000241670553874628,0.0153769428608194
"ENSMUSG00000002870.8",151.284532985092,-2.16780529173475,0.442966921090047,4.04151943117785e-08,1.414339347606e-05
"ENSMUSG00000002992.17",5078.04078825373,-0.517498970592447,0.203351158932154,0.000660359890814445,0.0304262372263032
"ENSMUSG00000003355.7",174.85266562247,-0.976334178654231,0.418082233396115,0.000654874997378833,0.0303942616902186
"ENSMUSG00000003477.5",13116.5807947142,0.833819961811075,0.32123186463013,0.000385899349069462,0.0207763686176665
"ENSMUSG00000005373.13",5247.60649498877,0.910997994237265,0.165997571210195,2.26590492034943e-09,1.51383047814981e-06
"ENSMUSG00000005677.14",3085.07155753437,0.990223771304236,0.333821026720929,0.000122500242321064,0.00942674639599479
"ENSMUSG00000006205.13",109.44833804346,-1.12409174889923,0.567075317820173,0.00127539540354223,0.0476991390362943
"ENSMUSG00000006494.11",3493.74047336324,1.47130744314306,0.202175261893682,1.67849129469096e-14,4.11174417489463e-11
"ENSMUSG00000008140.18",2105.86969976791,0.400391787098193,0.159961033229109,0.00109627139419064,0.0431983832488313
"ENSMUSG00000008153.12",192.794032055301,-0.125369016295526,0.241812291667047,0.000295754775570555,0.0174578461499438
"ENSMUSG00000010601.14",3343.80143248521,0.546536750923529,0.170696813658694,9.22563654291386e-05,0.00766092688744339
"ENSMUSG00000011148.14",848.236991612133,0.923876997345317,0.266183229836312,2.39035126535291e-05,0.0026024728072709
"ENSMUSG00000012428.9",3871.02084532162,-0.488848847791647,0.203205376958016,0.00101867180284276,0.0411330718631398
"ENSMUSG00000015090.13",60.3448910669678,3.55611505148569,0.709369072613051,1.7848757249351e-08,7.28725094586003e-06
"ENSMUSG00000015944.9",165.253804161789,-1.31693390362065,0.686183356575458,0.00131069953667776,0.0487712956711132
"ENSMUSG00000016194.14",11480.3534036484,0.585312412675806,0.157895483292591,1.38788103764533e-05,0.00169992295760926
"ENSMUSG00000016756.17",3874.40407261633,-0.799445782027255,0.23512260446283,3.21114936758652e-05,0.00332376573273146
"ENSMUSG00000016763.15",32.9870794651473,-0.116493248772305,0.224207052244937,0.000808499862066018,0.0350540736656234
"ENSMUSG00000017146.12",73.998133002684,1.78006062931886,0.471174249815334,5.615800366136e-06,0.000825410337814669
"ENSMUSG00000017754.13",4002.13165244232,1.22610317043733,0.221559667234348,1.59298947722239e-09,1.11494092077213e-06
"ENSMUSG00000018339.11",255.657579077617,-0.835416876489332,0.327026361035801,0.000420529139815375,0.0221538971218867
"ENSMUSG00000019082.18",5550.32679384431,-0.540011962325713,0.229594871622377,0.00100912877111594,0.0409728582261386
"ENSMUSG00000019278.5",35.5523429429253,-0.11961742837435,0.228593005697691,0.00110725561125387,0.0434103952975124
"ENSMUSG00000019899.17",112.721656173909,-1.81971994355155,0.651292722291607,0.000155071467807229,0.0112833684843102
"ENSMUSG00000020010.7",1982.86586103728,0.530173415912867,0.230515458251502,0.00121901821032108,0.0458238610109956
"ENSMUSG00000020032.14",132.261403819959,-1.2259867526168,0.381347923459818,5.0127755781234e-05,0.00463382235517345
"ENSMUSG00000020101.14",449.244819137926,-0.816875711035238,0.277468721832091,0.000139759346914727,0.0103746610149124
"ENSMUSG00000020102.15",2278.11633707916,1.10674896751296,0.234115282109438,1.09811103612156e-07,3.4340502146627e-05
"ENSMUSG00000020122.16",8990.57587274345,-1.08707159436524,0.300841706516358,1.27841538435718e-05,0.00160345615338507
"ENSMUSG00000020427.11",876.04319769803,-0.765154985647079,0.318809535986808,0.000652054346839367,0.0303942616902186
"ENSMUSG00000020432.12",4290.12184609747,0.760511762162857,0.195156235399458,5.19884016281984e-06,0.000779719925644143
"ENSMUSG00000020492.11",58.4110448375395,-0.085025953627269,0.184090602119129,0.00120445315016037,0.0456264237140647
"ENSMUSG00000020532.18",6214.60090117245,0.784883283166343,0.224608326634128,2.37359279345953e-05,0.0026024728072709
"ENSMUSG00000020534.14",4989.69682996059,0.428110470169121,0.136908362789567,0.000158636033412864,0.0114295706818739
"ENSMUSG00000020669.15",236.079995855093,1.01487069829157,0.303874601185889,3.65743150518506e-05,0.00365693389545647
"ENSMUSG00000020681.14",87.5986752224244,-1.32320135718374,0.528091028503174,0.000381853379808639,0.0206341212368653
"ENSMUSG00000020697.16",528.066334919415,-0.5891649462657,0.255511809640488,0.00102941108871758,0.0413188051107087
"ENSMUSG00000020917.17",19821.453308416,0.920850246569203,0.368670927789789,0.000481529587747396,0.0243213810333719
"ENSMUSG00000020926.16",173.836370497725,1.61201920551939,0.500735777927365,4.53624556368355e-05,0.00432946346071563
"ENSMUSG00000021094.10",1335.73903158317,0.601330974235699,0.189476473369635,9.00007870622219e-05,0.00751608845591214
"ENSMUSG00000021259.5",65.365955164308,1.80072329287363,0.717580999087014,0.00035179388754689,0.0195858282772833
"ENSMUSG00000021338.17",287.018676488018,-1.60148076669302,0.490209722320759,3.76011408468119e-05,0.00370913804138551
"ENSMUSG00000021356.10",48.0583048760505,-0.125895471809723,0.243116604515207,0.00020874884413789,0.0138369511422517
"ENSMUSG00000021416.11",64.4512796124012,3.94394529810751,0.93259361276437,1.07362378195535e-06,0.000222255244326475
"ENSMUSG00000021453.2",787.580861095923,-1.22156331351667,0.556323814541536,0.00078335046585475,0.0344157747862259
"ENSMUSG00000021594.11",1856.98890023472,-1.37617566680617,0.382135082958575,1.23978525560466e-05,0.00157089342128252
"ENSMUSG00000021903.11",171.695472685879,-1.72589720059187,0.368569014069921,1.23901234800732e-07,3.73276780812922e-05
"ENSMUSG00000021906.14",449.445608275279,0.693564912311495,0.307499420365549,0.00100356182550611,0.0408597000312708
"ENSMUSG00000022032.14",258.474785288985,-0.0248331835452164,0.149010831299406,1.36674481121993e-05,0.00168810212061434
"ENSMUSG00000022149.17",10063.3823584599,-0.952997656515017,0.30799216817479,8.167125146203e-05,0.00693875175716137
"ENSMUSG00000022181.16",2807.21081252888,-0.100528910494835,0.204224676567198,1.97646524882636e-05,0.00226953798650389
"ENSMUSG00000022215.6",276.520532411412,-2.27941034764522,0.531509730516353,6.88676381295661e-07,0.000151077096302741
"ENSMUSG00000022445.7",24488.452575118,0.460256497471606,0.139930021105599,8.40020384103394e-05,0.00709575839399522
"ENSMUSG00000022550.18",550.543189616763,-0.763882266030095,0.268761269420928,0.000202753411130177,0.0136700442054649
"ENSMUSG00000022620.14",988.475742249164,-1.15519173433576,0.318101655697313,1.17624739567471e-05,0.00150334645405451
"ENSMUSG00000022762.18",83.5053111702306,-2.02007439038741,0.636071342092032,4.98633474241573e-05,0.00463382235517345
"ENSMUSG00000022864.14",281.296436593158,-0.675249419573206,0.299283850406329,0.00101551785330555,0.0411186815644215
"ENSMUSG00000022889.7",960.518115478412,-0.571284484848699,0.201748447767071,0.000268185673779745,0.0164928578795594
"ENSMUSG00000022890.13",3768.97921851282,-0.525909668975755,0.186335999628213,0.000303969355772477,0.0177291332981899
"ENSMUSG00000022945.12",63.5759527658598,-1.340419942877,0.531584517140183,0.000370556011060064,0.020322508397615
"ENSMUSG00000022952.17",50.9147243338118,1.3841195562233,0.658477692140184,0.000933433822612415,0.0385382312493182
"ENSMUSG00000022956.11",3960.65401345405,-0.493767627705785,0.172639537910777,0.000274559397910478,0.0168144751270342
"ENSMUSG00000022961.18",4129.54077863041,-0.445317105063107,0.175320719182423,0.000940949061560533,0.0387396899350608
"ENSMUSG00000022964.14",204.472671138975,-0.800595906056898,0.34807384629084,0.00080150658228646,0.034892635688983
"ENSMUSG00000022965.8",850.482841916435,-0.962666190565462,0.283993246879958,3.06653791288804e-05,0.00324258807508118
"ENSMUSG00000022971.18",2225.06266481645,-0.507480114188161,0.145564203679429,3.61760996370598e-05,0.00364189255113359
"ENSMUSG00000022972.10",392.625835174389,-1.01301985014901,0.276405623908361,1.09719539497549e-05,0.00143987302815622
"ENSMUSG00000023033.14",85.9628660045184,-2.21502955669198,0.509586492633353,5.33719428492039e-07,0.000124517589840889
"ENSMUSG00000023045.13",975.964932518403,0.587406032159514,0.241842523798286,0.000786753322096334,0.0344157747862259
"ENSMUSG00000023057.5",874.760263012418,-0.956957080232241,0.181823175542224,7.36168743675676e-09,3.51727495120726e-06
"ENSMUSG00000023067.14",154.03093699402,-1.57946434184036,0.627033876863513,0.000345064058214877,0.0193578302581766
"ENSMUSG00000023073.2",640.200724052015,-1.46554960233718,0.497057069668246,0.00010788934480142,0.00852557844027568
"ENSMUSG00000023147.17",131.799762975983,-1.49136260110936,0.509079959946946,0.000111402562186625,0.00866346486253445
"ENSMUSG00000023274.14",45.6857174713766,-0.147034074259959,0.292397407471969,0.000232468781406869,0.0149119026238097
"ENSMUSG00000023832.14",2624.33575632292,0.72560210032923,0.263603150068473,0.000275761575932331,0.0168180234151594
"ENSMUSG00000023912.10",16.8121465623418,2.35248704987506,0.927651979897109,0.000369240840681054,0.020322508397615
"ENSMUSG00000023963.10",832.739744241925,1.15394898163781,0.408232156372293,0.00017374875912891,0.012280210218113
"ENSMUSG00000024029.4",281.701226074683,-0.0137530905051185,0.146805225054778,0.00015499632547188,0.0112833684843102
"ENSMUSG00000024130.16",3860.34032010449,0.723421457919551,0.294165874232223,0.000603690365861589,0.0289024136724223
"ENSMUSG00000024143.15",245.163396657491,-0.816551904771855,0.340273223071076,0.000623225694441377,0.0296445671744316
"ENSMUSG00000024335.20",2526.00110421734,0.449848883770846,0.180063974395611,0.000914528915420762,0.0385012185709953
"ENSMUSG00000024354.13",1894.48782582745,0.509691746381549,0.212488991353052,0.000990698498809552,0.0404480181541744
"ENSMUSG00000024411.11",79.264396289484,-2.5703270305266,0.493737047563988,7.65769481824959e-09,3.51727495120726e-06
"ENSMUSG00000024421.16",66.1799839076909,-3.19948268461731,0.670961225769562,6.833122747005e-08,2.23184973634399e-05
"ENSMUSG00000024665.8",24810.1805756655,-0.51503663604618,0.189393834091673,0.000410972144778294,0.0218857557389542
"ENSMUSG00000024672.11",37.752572817392,-0.129677163981966,0.25045684472044,0.0002448050130132,0.0153788720846209
"ENSMUSG00000024694.9",1802.01979433755,-1.13557943206274,0.423116761907516,0.000258516118195191,0.0160323624693372
"ENSMUSG00000024899.7",9075.88717078152,0.862409922179233,0.144067447913754,1.25430702263096e-10,1.15223778866436e-07
"ENSMUSG00000024992.13",25.4776399125619,2.19856106062593,0.8486154344803,0.000307171043764383,0.0177748031545232
"ENSMUSG00000025003.6",236.764219170311,1.27679110928694,0.565024526052421,0.000713360394362386,0.0322614494656565
"ENSMUSG00000025014.13",139.363974510326,-1.21784097437869,0.322736667976415,6.8616612378262e-06,0.000998541553203658
"ENSMUSG00000025092.7",70.1363797517861,1.57290246448531,0.519073586762043,8.66629702272554e-05,0.007278699065144
"ENSMUSG00000025270.13",1197.53147804485,-0.0769856051535769,0.176986503207319,0.000924751911618778,0.0385012185709953
"ENSMUSG00000025464.15",1288.02878521093,0.510321118279604,0.211359112918823,0.000950853259208721,0.0390381039213681
"ENSMUSG00000025613.13",3520.38424931701,-0.545695037835727,0.194657079713707,0.000305568670698181,0.0177519696518651
"ENSMUSG00000025728.16",934.618056756241,-0.677137239128063,0.284813387424509,0.000754004590191063,0.033582907474631
"ENSMUSG00000026043.18",1652.40348594618,-1.48762361690075,0.321578202072985,1.60734385069438e-07,4.45749809764263e-05
"ENSMUSG00000026295.12",1587.27033096488,0.587990506958319,0.206751169023268,0.000256588044640583,0.0160323624693372
"ENSMUSG00000026307.12",2924.82382948317,0.52091336025024,0.171770931445171,0.000168639906312247,0.0120323754513466
"ENSMUSG00000026348.7",1026.14923987874,-1.07882570615673,0.328556229081087,4.15297176412314e-05,0.00404240920457497
"ENSMUSG00000026442.14",140.102894485968,4.07033806885154,1.88751381604666,0.000461075989527826,0.0238623059650704
"ENSMUSG00000026471.14",202.20223454052,1.40132453587926,0.407891010244411,2.36858603527717e-05,0.0026024728072709
"ENSMUSG00000026574.5",173.624772158253,-1.19282441493312,0.470942327291092,0.000372958911774989,0.0203676492720862
"ENSMUSG00000026580.16",76.3667366222832,-1.62419570828593,0.564093002374056,0.000130230318332608,0.00976594499414628
"ENSMUSG00000026688.5",608.82008276328,0.770539056197194,0.354486264870599,0.00111051222151753,0.0434103952975124
"ENSMUSG00000026938.10",1398.01597478373,0.65583027195146,0.17558849338099,1.12281028031643e-05,0.00146044827434433
"ENSMUSG00000026950.18",436.331303786049,-0.996181704109072,0.314259440206012,6.30978552907714e-05,0.00554598852533865
"ENSMUSG00000027261.2",3505.95007477614,-0.72405461364267,0.299648553615703,0.000656154832251964,0.0303942616902186
"ENSMUSG00000027358.6",770.062693806887,0.903057693975268,0.219247090289123,1.94092053072298e-06,0.000347898170250809
"ENSMUSG00000027577.14",457.391394527852,2.03914718863392,0.483949430113161,1.01414644514955e-06,0.000219204771335413
"ENSMUSG00000027596.10",39.5124154529717,-9.67367856910176,2.9574735361298,2.85370427013188e-11,3.22644195095372e-08
"ENSMUSG00000027605.18",14609.2056694033,1.2060851058553,0.346424032831062,2.34184334393404e-05,0.0026024728072709
"ENSMUSG00000027792.11",3727.38072237913,0.527083451547496,0.234430345511428,0.00135465363478013,0.0498491974179823
"ENSMUSG00000027820.12",1325.41338608706,1.06842913277892,0.237730460475624,3.4153434185527e-07,8.50825721455722e-05
"ENSMUSG00000027901.12",184.284496663367,0.871957586044023,0.371234675476818,0.000686895605139958,0.0311604679146515
"ENSMUSG00000027952.16",2165.63822999331,0.786611202282509,0.297639836351003,0.000353125901039603,0.0195858282772833
"ENSMUSG00000027965.15",107.678951404868,-1.57718707412053,0.425242589315263,8.13581279004652e-06,0.00114980938834715
"ENSMUSG00000027983.13",448.379490241088,-2.49025493727579,0.637358263002773,3.27407929651846e-06,0.000523069755437265
"ENSMUSG00000028024.14",3473.4953572529,0.856189805093183,0.251547583293475,3.09295730109561e-05,0.00324716331510738
"ENSMUSG00000028238.6",360.74908714266,1.19284458462354,0.305764470959976,4.2942938122027e-06,0.000664395057386897
"ENSMUSG00000028337.14",69.8176186297713,-1.48116042665296,0.557166308085189,0.000243316349330498,0.0153788720846209
"ENSMUSG00000028359.4",233.335843930409,2.26146168895553,0.415370081400038,2.36905353695327e-09,1.51392821244083e-06
"ENSMUSG00000028538.12",1826.77678401686,-0.544680861596075,0.2095420230704,0.000538457367630242,0.0265318816870713
"ENSMUSG00000028603.15",53494.5232123793,-0.772496052986632,0.2372102591582,6.07579495109429e-05,0.00547865240436711
"ENSMUSG00000028860.13",234.11752370068,-0.929008929163662,0.376307847755893,0.000486656589103175,0.0244961594062961
"ENSMUSG00000028894.18",988.489786619269,0.658320679956701,0.239141833541496,0.000297556304510126,0.0174763259922928
"ENSMUSG00000028970.9",55.7257318072468,-2.44549333647879,0.52843662441126,1.4375478602443e-07,4.14295655879818e-05
"ENSMUSG00000028982.9",304.523008110554,-1.09746040523329,0.252180054627163,6.27706567020765e-07,0.000139788350334412
"ENSMUSG00000029102.9",7888.37754359977,0.408612913651397,0.15643696233753,0.000786339403467313,0.0344157747862259
"ENSMUSG00000029254.16",88.6439112715112,-2.12502723621024,0.447588592381347,7.76116640355461e-08,2.47986138694447e-05
"ENSMUSG00000029417.9",817.899967144056,-1.86937070683414,0.254598486559827,9.68754246272634e-15,2.84774998234303e-11
"ENSMUSG00000029471.13",311.978768685376,-0.67853027494091,0.295201809699622,0.000919906272409831,0.0385012185709953
"ENSMUSG00000029656.13",6153.7555524346,-1.24260367255292,0.320971036403819,4.59129521341269e-06,0.000695699557182884
"ENSMUSG00000029752.12",49.2212294654011,-2.68162707659901,0.782995546347064,2.11382536973727e-05,0.00240845002204639
"ENSMUSG00000029771.12",402.171973459614,-0.775321213189394,0.25961145498819,0.000130032655462303,0.00976594499414628
"ENSMUSG00000029822.15",127.747670324804,-2.37360812911525,0.349344319488883,5.19947691642615e-13,7.64219117176315e-10
"ENSMUSG00000029833.17",1213.52042809461,1.17101885021972,0.496725935994812,0.000586107275928685,0.0282446057101633
"ENSMUSG00000030004.6",115.537158570869,-0.029518556153458,0.150250609372875,0.000657597987310485,0.0303942616902186
"ENSMUSG00000030096.8",4227.03715940099,0.885590107394524,0.171591258342076,1.3601322870035e-08,5.711778386965e-06
"ENSMUSG00000030137.8",90.818538471119,-2.03622432741389,0.423674106823911,6.51154442636587e-08,2.17515181769831e-05
"ENSMUSG00000030340.16",958.451301940492,0.795215406804585,0.167913238385993,1.2444252456003e-07,3.73276780812922e-05
"ENSMUSG00000030364.6",114.560926442141,-0.16517632293742,0.37009826519815,1.73741839195667e-05,0.00204292604199833
"ENSMUSG00000030541.16",3674.38289771563,0.498468187707646,0.166132887857528,0.000196345517576243,0.0134227275224912
"ENSMUSG00000030655.15",1166.22893429176,0.617687727913505,0.210916278691125,0.000188609637502538,0.0129541329533285
"ENSMUSG00000030737.17",6564.34705075537,0.517134948468872,0.194096138513409,0.000493481936062386,0.0245871101567626
"ENSMUSG00000030762.11",4584.30640621062,1.32717611028976,0.405813845349591,4.18471839328776e-05,0.00404651256214102
"ENSMUSG00000030787.4",433.012049931105,-1.11149601791703,0.545124857757541,0.00121720068541966,0.0458238610109956
"ENSMUSG00000031150.13",36.2785664805201,-0.0851068063186677,0.184307299902988,0.000983174229197561,0.0402526318126623
"ENSMUSG00000031271.14",1491.60097151559,-1.49225094957679,0.300407920769147,3.00548571172831e-08,1.13268279464058e-05
"ENSMUSG00000031443.7",2752.9714537434,0.649794183584961,0.165582076198612,5.37155406021754e-06,0.000797485874515933
"ENSMUSG00000031465.6",56.0766541358855,-2.14013499212239,0.518179416107395,1.40124593593601e-06,0.000278317740086317
"ENSMUSG00000031618.13",423.92385565311,0.756804087162374,0.284169294809175,0.00034020478973979,0.0191583524888714
"ENSMUSG00000031645.4",1898.96068110533,-0.704254447244931,0.266610655177883,0.000374150585349249,0.0203676492720862
"ENSMUSG00000031661.12",263.610243015229,0.920455488680907,0.330690545536563,0.000218982764494394,0.0143687887166902
"ENSMUSG00000031665.7",1354.71158987942,1.16848811883569,0.387663517378021,9.93242511270308e-05,0.00802125188497307
"ENSMUSG00000031767.13",4707.09431438755,-1.19597766050575,0.480492317571795,0.000406503070667438,0.0217264804824364
"ENSMUSG00000031776.17",180.746961091752,-1.19872528128413,0.378660855166767,5.80398521265182e-05,0.00526586263305904
"ENSMUSG00000032080.6",13254.4286873957,-1.29158992700251,0.168871098643936,1.00162439714549e-15,3.68046884731109e-12
"ENSMUSG00000032083.8",240755.892774095,-0.614723790300265,0.170049736962055,1.83388465445872e-05,0.00213924100406621
"ENSMUSG00000032093.7",66.5322281747573,-0.109612263306125,0.215628680221426,0.000185195195677741,0.0127793379627767
"ENSMUSG00000032098.13",47.1188400790611,-0.0718724837905221,0.172566051395307,0.00132984722713864,0.0492344950742662
"ENSMUSG00000032119.5",190.334124820079,1.30919375792507,0.38135425668601,2.37817630400384e-05,0.0026024728072709
"ENSMUSG00000032363.15",260.269437314482,0.659024212228367,0.269820028979222,0.000674308962295095,0.0307378310330189
"ENSMUSG00000032418.15",7179.1544668113,0.935904596550442,0.402463139905184,0.00074602894301743,0.0333286729619154
"ENSMUSG00000032482.9",69.7775309871232,-0.101815526952147,0.207720580511905,2.75795964282721e-09,1.68902045126143e-06
"ENSMUSG00000032712.16",488.444914256883,0.579861777108298,0.25299973867685,0.00109211454369869,0.0431502676432349
"ENSMUSG00000032735.15",589.17125067728,-1.24384495329478,0.284335954819893,5.4310200949891e-07,0.000124726770868984
"ENSMUSG00000032849.14",283.60575053748,1.73581481758244,0.423914271880887,1.76782133322392e-06,0.000328904277920571
"ENSMUSG00000033105.12",2722.4215144128,0.936730623310088,0.368339659466305,0.000389320643605626,0.020884068685093
"ENSMUSG00000033318.7",1791.44328200785,0.855581715211312,0.226826367919396,8.44043048208081e-06,0.00118149949738689
"ENSMUSG00000033653.18",239.659772433402,0.679811234621629,0.301540395171681,0.00103170509427338,0.0413188051107087
"ENSMUSG00000033952.14",47.156711138437,-0.0359741790784435,0.152343569883422,0.000900381834205338,0.0381377873174353
"ENSMUSG00000034220.7",266.706827368079,-2.42617270321885,0.463658086646075,6.94020365430587e-09,3.51727495120726e-06
"ENSMUSG00000034312.15",1802.68256482196,0.550373948203786,0.241052654600371,0.00118278291551444,0.0451111995825367
"ENSMUSG00000034842.16",60.6295648363158,1.3080609825773,0.505008793878161,0.000327289711501511,0.0185733752110008
"ENSMUSG00000034853.16",258.854088441709,1.44777420425221,0.352135692458096,1.6786655966459e-06,0.000316320858198736
"ENSMUSG00000034854.8",396.405971607056,0.627082938815486,0.280065550998798,0.00114000259886916,0.0438632413564893
"ENSMUSG00000035031.15",12393.2550461679,-0.972900006380872,0.32469823785383,0.00010026768944353,0.00805319398601645
"ENSMUSG00000035042.2",113.67706271802,-2.67623629216196,0.652561856788224,1.5058829303302e-06,0.000291229833026227
"ENSMUSG00000035836.2",5415.88144169709,-1.20790328610267,0.486205749806903,0.000420218520650391,0.0221538971218867
"ENSMUSG00000035863.14",100.548913328985,-1.13087751858341,0.427457062663181,0.000282088739600744,0.0169923782567694
"ENSMUSG00000036040.14",302.876965253833,-1.11842511975062,0.331202569641317,3.00613170805873e-05,0.00320174810471356
"ENSMUSG00000036339.18",686.143835921795,-0.485305409451455,0.208806509628749,0.00123711869164002,0.0463856391064413
"ENSMUSG00000036833.16",3011.32843146974,-0.540419863743037,0.236178592332087,0.00117812470317457,0.0450939502272392
"ENSMUSG00000036959.15",424.705569375652,-1.10535953336679,0.366246857465411,9.6026486129276e-05,0.00792919827600056
"ENSMUSG00000037370.13",1023.77767715479,0.862283335790897,0.284976356472592,0.000109931635198407,0.0086405089526534
"ENSMUSG00000037709.13",978.664802322857,0.930444289360266,0.292217987561729,6.33913506774319e-05,0.00554598852533865
"ENSMUSG00000037827.5",45.556662004824,9.58750139002788,2.87596783229145,4.26787564688862e-11,4.1819490838646e-08
"ENSMUSG00000037887.11",31.7368328742116,-0.141648533276859,0.274213833637071,0.000662984758851104,0.0304517187049798
"ENSMUSG00000038092.6",1049.71363997322,-0.0157966130877711,0.147118582479104,1.49432399712048e-05,0.00181517141402288
"ENSMUSG00000038370.6",307.689303822625,1.77868514692082,0.542523977354666,3.79820286926892e-05,0.0037217323848343
"ENSMUSG00000038375.15",3774.56558150092,-0.65966245364048,0.263384784773967,0.000565979290714745,0.0276370884216788
"ENSMUSG00000038510.12",145.13008907447,-0.797160379106967,0.346981163201244,0.000802402426376123,0.034892635688983
"ENSMUSG00000038641.12",4975.48913292111,0.60620023747578,0.252990402888947,0.00082615939662143,0.0355858752256081
"ENSMUSG00000038718.15",79.9572714012378,-1.40133379419183,0.525782760505341,0.000244839846768355,0.0153788720846209
"ENSMUSG00000038754.5",972.138713800025,-0.0382107763549286,0.153444496755833,5.20024933847894e-07,0.000123279459317683
"ENSMUSG00000038949.8",442.410799905785,0.880339913781104,0.383102402145386,0.000777995096216182,0.0344157747862259
"ENSMUSG00000039114.16",10082.2129946047,0.478078034955635,0.148439163645551,0.000103125450638404,0.00819317769450408
"ENSMUSG00000039128.13",788.968607691988,-0.537400918878449,0.203650374120817,0.00049344456883841,0.0245871101567626
"ENSMUSG00000039178.9",63.337442284519,-1.68431261305241,0.52786565222787,4.71554244285257e-05,0.00444288736057994
"ENSMUSG00000039450.11",1671.59981267141,0.666990767025746,0.174121446130968,7.59422313619085e-06,0.0010943126632915
"ENSMUSG00000039763.10",332.561041682678,-0.895342045424693,0.35960568207748,0.000471190169365766,0.0242152206620211
"ENSMUSG00000039824.4",27.3444592806159,1.63259529422625,0.749023426173846,0.000836393889064485,0.0358405754561802
"ENSMUSG00000039956.9",1205.99582483489,-0.678224295559618,0.276065280491677,0.000622975934692723,0.0296445671744316
"ENSMUSG00000040147.14",6315.43257047897,0.457368724827905,0.165354603823537,0.000433941946000987,0.0227788525797233
"ENSMUSG00000040181.14",6635.50394671228,0.608285280201303,0.16047879587796,9.71546454868525e-06,0.00131007245813372
"ENSMUSG00000040412.17",163.076949037741,-1.58822167349271,0.493398626795622,4.59764590058609e-05,0.00435975480302028
"ENSMUSG00000040435.12",369.570021867144,0.926074064381183,0.297973643499181,8.11086621890042e-05,0.00693101812124409
"ENSMUSG00000040441.11",108.04891676859,1.65291028334845,0.542303542214657,7.55378136588048e-05,0.00653091050092419
"ENSMUSG00000040506.16",971.383491393928,0.723528420409674,0.223342420947881,6.15079194972656e-05,0.00551245976079762
"ENSMUSG00000040584.8",419.374140760469,1.68735438078233,0.413812359682024,1.91355366471147e-06,0.000347227305727521
"ENSMUSG00000040612.13",1781.79571078722,1.18238823661118,0.536789246003598,0.000828028937757379,0.0355858752256081
"ENSMUSG00000040681.16",2476.13392439,-0.514821125588219,0.200938363436818,0.000636784896678575,0.0299982833698131
"ENSMUSG00000040938.16",407.663142813049,0.95954945820012,0.480608732267711,0.00135662532094114,0.0498491974179823
"ENSMUSG00000040985.13",7.9025712071912,5.93035906284551,2.94948188184302,0.000258355209455428,0.0160323624693372
"ENSMUSG00000041078.7",102.409459642322,1.76646765411527,0.74370265413719,0.000475582368652654,0.0242712140779747
"ENSMUSG00000041220.10",6616.47015354961,1.4201212806098,0.351478352552911,2.33259304147316e-06,0.000408148244328244
"ENSMUSG00000041261.9",2211.38852078559,0.543954805408278,0.163891884770699,6.21152155157122e-05,0.00553210610366185
"ENSMUSG00000041293.5",461.728928801175,-1.17279432593139,0.294858423424385,3.03068027420099e-06,0.000504639114769796
"ENSMUSG00000041567.3",343.538912910082,-2.40364693882839,0.611968975871365,3.04873594783232e-06,0.000504639114769796
"ENSMUSG00000041625.15",1393.11158422856,-0.480688132337735,0.183183010638458,0.000590497970481886,0.0283631999024273
"ENSMUSG00000041698.11",3740.40542915817,-0.042500407676155,0.155142286565222,0.00010309452002402,0.00819317769450408
"ENSMUSG00000041782.14",160.372104794231,-2.47654552597244,0.541120790821949,1.84555722171346e-07,5.02333334161935e-05
"ENSMUSG00000041930.7",79.9798998005659,-1.2274879858215,0.516542272232893,0.000539735516698484,0.0265318816870713
"ENSMUSG00000042010.16",7629.05123752375,0.953734622980616,0.189572745131742,2.59744033341973e-08,1.03181562217847e-05
"ENSMUSG00000042041.7",301.889799990141,-1.70508273109227,0.432730587877516,3.22031921770859e-06,0.000520134635844845
"ENSMUSG00000042138.8",75.7046200352415,1.36309799842217,0.664821281884468,0.00105965632556314,0.0420941315489919
"ENSMUSG00000042248.4",12629.7212474852,1.47632522838858,0.350387000321545,1.2242928001178e-06,0.000246502131179883
"ENSMUSG00000042379.8",93.0518022000029,-2.49422769730194,0.566037879983073,4.10514776970164e-07,0.000100562436531791
"ENSMUSG00000042429.8",665.753967444458,-0.774071458432609,0.259910291237997,0.000132808646012824,0.00990873847257098
"ENSMUSG00000042436.12",63.7644860383213,-1.860050754684,0.667060192161228,0.000158542516256709,0.0114295706818739
"ENSMUSG00000042524.14",2405.5388119193,-0.506114051871609,0.178952444984117,0.000310880951125688,0.0179189341946877
"ENSMUSG00000042638.14",101.558746715709,-1.43192096751714,0.613656360258325,0.000563423825330403,0.0276040112823542
"ENSMUSG00000042759.12",114.49752289662,-1.24138121435277,0.546801987353115,0.000675487782260519,0.0307378310330189
"ENSMUSG00000043681.5",377.320858504763,-0.840941138839072,0.257369657964825,4.97969306409969e-05,0.00463382235517345
"ENSMUSG00000044254.6",2515.32374252778,0.703259257549015,0.213760665370153,5.32668830147768e-05,0.00489322904094493
"ENSMUSG00000044350.14",322.894977365918,0.683173073269912,0.247662624795794,0.000285543761363766,0.0170829742498317
"ENSMUSG00000044469.8",497.750891972187,-1.1363389983603,0.310958875408808,1.13844068632983e-05,0.00146778957962069
"ENSMUSG00000044708.5",113.903744948418,-0.829993946079285,0.38379564192873,0.00106634279778703,0.0422455699241881
"ENSMUSG00000045392.8",554.451103371228,-0.591736465050625,0.212613753251427,0.000298445899038338,0.0174763259922928
"ENSMUSG00000045776.3",303.478646896504,1.55271241133306,0.391427634990239,3.0040758705035e-06,0.000504639114769796
"ENSMUSG00000045868.12",1001.5569303019,-1.2236665956882,0.347147279441978,1.71112998332999e-05,0.00202824100766001
"ENSMUSG00000046160.6",175.447214653624,-0.133635844326408,0.255866940291061,0.000819542875364383,0.035428356417958
"ENSMUSG00000046402.10",760.189297937122,-0.864519873524571,0.244585996863754,1.94148833774794e-05,0.00224692878647395
"ENSMUSG00000046408.14",8.93733726021923,6.12926782654861,3.00248453559261,0.000233280986204121,0.0149119026238097
"ENSMUSG00000047109.13",386.127132426436,-0.9528196996018,0.340608853472143,0.000201426756786545,0.013643181895155
"ENSMUSG00000047617.11",430.459308773934,0.934000147754647,0.40344980057706,0.000716775866029346,0.032316477542636
"ENSMUSG00000048240.14",30.3790189671609,1.74919849579217,0.751699156646602,0.000582137960241002,0.0281456044066521
"ENSMUSG00000048376.6",725.186445359507,-0.731684588930933,0.301887930572916,0.000634779158820806,0.0299982833698131
"ENSMUSG00000049109.15",22.4338338722752,-0.0659741684747851,0.168585185007977,0.000324049648379822,0.0184607819065373
"ENSMUSG00000049723.14",31.8944401670399,-0.0733503486383073,0.174615709112304,7.74616515592112e-05,0.00665807809717711
"ENSMUSG00000051225.9",69.551154385187,-2.21297742817911,0.717175514820876,6.24799029261034e-05,0.00553210610366185
"ENSMUSG00000052131.7",56.8298443745126,2.97518717580309,0.895598418985694,3.19091957453343e-05,0.00332376573273146
"ENSMUSG00000052305.6",1114.15056854313,1.20310097792238,0.614152686277967,0.00132786497338342,0.0492344950742662
"ENSMUSG00000052534.15",649.437472011437,0.804460959997643,0.328604709266399,0.000573249469299222,0.0278073290421121
"ENSMUSG00000052656.12",2910.82286081105,0.466301480371278,0.188620761599049,0.000929917852272645,0.0385012185709953
"ENSMUSG00000053414.8",162.443476377776,-1.77520858680127,0.606859767779424,0.000111034844041655,0.00866346486253445
"ENSMUSG00000053774.9",619.25566073051,1.01001047777294,0.252772225726619,3.05571378517566e-06,0.000504639114769796
"ENSMUSG00000053977.13",26.8343408677192,-0.0829535730574769,0.182673713665734,0.000452906979796242,0.0235223561450359
"ENSMUSG00000054252.18",856.026424906831,0.452036286762389,0.187610423659586,0.00113244978380624,0.0436869997962838
"ENSMUSG00000054422.7",56110.6264975833,-0.506391206658437,0.206755748800911,0.000864421171442162,0.0368481807652278
"ENSMUSG00000054434.14",116.992068655117,-1.65413694966322,0.557686287536075,9.84282514704385e-05,0.00802125188497307
"ENSMUSG00000054757.14",1993.56483478172,0.483584824041151,0.158809593610718,0.000174866086193905,0.0122975202625742
"ENSMUSG00000054827.12",16166.0866985515,0.704080544411532,0.186985395012155,9.43188467094315e-06,0.00129212512934104
"ENSMUSG00000055003.14",17.9081233401117,-3.97023189728496,1.0529604734764,9.494455978285e-06,0.00129212512934104
"ENSMUSG00000056131.13",422.016044681318,-1.22002178493534,0.232754198341546,7.61445007214233e-09,3.51727495120726e-06
"ENSMUSG00000056148.8",2823.9201169527,1.02063102159973,0.245743538441683,1.58427511567591e-06,0.000302411372080579
"ENSMUSG00000056973.6",13965.4747790731,0.887237630484869,0.190954720629618,1.88542235022586e-07,5.03853412793086e-05
"ENSMUSG00000056978.8",6597.91668575336,2.26853143819615,1.18211933453504,0.00119536667039213,0.0453992230527741
"ENSMUSG00000057074.6",6673.39863201285,1.00009750687445,0.148383150096762,8.87219576485394e-13,1.18548666683476e-09
"ENSMUSG00000058207.6",123917.892637489,-1.45574077904544,0.313619044532208,1.49061016340499e-07,4.21326695802434e-05
"ENSMUSG00000058240.14",343.23257761404,-0.852581028984393,0.409294202392582,0.00121632128668988,0.0458238610109956
"ENSMUSG00000058799.16",1598.44614079504,-0.645282902147648,0.187472318130772,3.31208865215632e-05,0.00340427125939816
"ENSMUSG00000060206.11",61.9275529503708,3.10009685958381,0.670047440153453,1.37596321472305e-07,4.04478146599988e-05
"ENSMUSG00000060560.8",26.0737562237846,-0.0592364335094442,0.164485979795046,1.07377087693329e-05,0.00142182741884374
"ENSMUSG00000060586.11",1288.69310564058,-1.01681995961526,0.318308900010142,5.76658135790407e-05,0.00526442315518472
"ENSMUSG00000060807.7",12537.7567077161,0.763205964138879,0.268612534537952,0.000208994635568096,0.0138369511422517
"ENSMUSG00000061132.13",128.929490836582,-1.16159836015483,0.427967270199711,0.000233347231152282,0.0149119026238097
"ENSMUSG00000061292.10",521.082031080097,0.706011711457134,0.265149058302621,0.000362880416245862,0.0200511893157206
"ENSMUSG00000061536.13",367.025302207793,-0.826390576845566,0.32972496882263,0.000473378482523359,0.0242429161537573
"ENSMUSG00000061906.5",118.192308399135,-0.110827198265312,0.221659108253358,3.67550179174504e-09,2.16090101340274e-06
"ENSMUSG00000062170.12",14.6197530634669,-0.0488794786340164,0.158062321246028,0.000489937231889235,0.024577124349174
"ENSMUSG00000062181.14",6064.0411462746,-0.720704857995545,0.318217256836236,0.000928330327761112,0.0385012185709953
"ENSMUSG00000062515.3",255.093833354605,-1.04198733134349,0.267623063465607,4.4856187130352e-06,0.000686766915043659
"ENSMUSG00000062609.14",29.9013980868884,-0.0861633483021513,0.185013864905928,0.00130919707522838,0.0487712956711132
"ENSMUSG00000062624.5",6392.22860781841,-1.00046494834667,0.320098696301509,7.14252225577338e-05,0.00621188119025782
"ENSMUSG00000063590.3",94.0080143046648,-4.35123335725897,0.763126174011746,4.94273127316853e-10,3.63241321265155e-07
"ENSMUSG00000063704.13",288.05342949194,-1.07509722569661,0.51445453584926,0.00104479139639924,0.0416792862705693
"ENSMUSG00000063929.6",415.30682661715,-1.13563378486349,0.268114405850245,1.03941064953105e-06,0.000221409532272571
"ENSMUSG00000064215.13",839.463600575907,0.58180363034946,0.217495295471502,0.000415793683132342,0.0220625832298887
"ENSMUSG00000064220.6",555.890519935555,0.692283572657358,0.243710907950048,0.000223522276173704,0.0146014685120049
"ENSMUSG00000064294.12",11061.0466636276,-0.922403981545501,0.378023343123152,0.000520152060385933,0.0257413972510183
"ENSMUSG00000065037.1",76.912227810926,-0.103939844583205,0.20572647853843,0.00102580809358231,0.0413077461903363
"ENSMUSG00000066153.2",2017.28683378678,-0.0923539343883242,0.195053055446175,2.70075831002496e-08,1.04462488528281e-05
"ENSMUSG00000066154.11",59236.1468836023,-1.30455661292811,0.559770167549029,0.000568258391312096,0.0276564961440569
"ENSMUSG00000066362.5",325.851848626121,-1.34636061023901,0.471189694053973,0.000147380067580687,0.0108853881070399
"ENSMUSG00000066406.16",2029.17875407772,0.579388354803012,0.24424148814415,0.000908412766579306,0.0383673874804099
"ENSMUSG00000067038.6",739.924355738519,-0.532133705139424,0.231429009950729,0.00117646441861795,0.0450939502272392
"ENSMUSG00000067219.9",757.204265948651,1.08037782887604,0.365931134737831,0.00012442982302962,0.00952536218171537
"ENSMUSG00000068747.14",446.088625727991,-0.608239266744276,0.269425814532939,0.00110935380693323,0.0434103952975124
"ENSMUSG00000068877.12",3813.5640526855,-0.0524934575491076,0.160367480967647,2.48730627352203e-06,0.00043009914833208
"ENSMUSG00000069170.14",60.8545882777726,-1.51284489634417,0.625170910044422,0.000452616853452862,0.0235223561450359
"ENSMUSG00000069456.4",3868.08622466809,1.31994171566662,0.186641273657806,7.88562818843233e-14,1.65575661590826e-10
"ENSMUSG00000069922.12",22639.4942396079,-1.60969798950298,0.371783966368818,5.75059183827098e-07,0.000130034152059857
"ENSMUSG00000070425.13",6.68299395107933,0.030697154779843,0.150564704440471,0.00078321406116447,0.0344157747862259
"ENSMUSG00000070604.5",38.3957877575291,-0.112505054956508,0.217399458883183,0.00111763593112228,0.0435729785560617
"ENSMUSG00000072082.7",255.561267764694,-1.10858990738629,0.323451278212607,2.52861639991625e-05,0.00273276498867419
"ENSMUSG00000072115.11",5894.83049905402,0.828837859411219,0.156812259702705,7.43120829473667e-09,3.51727495120726e-06
"ENSMUSG00000072849.10",80639.7121555795,-0.0271982166730507,0.149651903880087,2.01531119679011e-06,0.000356880047836399
"ENSMUSG00000073139.9",482.993810134753,0.872363179232217,0.293669660604939,0.000128897610098269,0.00976565501662043
"ENSMUSG00000073830.11",34452.7056168044,-0.0252703090743013,0.149116096989895,3.41645491282543e-05,0.00346310719370401
"ENSMUSG00000073842.10",59320.365209665,-0.0183936103547704,0.147580574090948,2.04001175743712e-07,5.35430228764478e-05
"ENSMUSG00000074207.10",59475.7500496216,0.379489526263482,0.134147407075448,0.00048067958639976,0.0243213810333719
"ENSMUSG00000074213.3",109.94671312657,2.01772085083982,0.592270050635199,2.31416906485386e-05,0.0026024728072709
"ENSMUSG00000074240.5",144.814703327892,-4.31503864597582,0.743323841395659,2.6901243648762e-10,2.19663599527502e-07
"ENSMUSG00000074639.6",4768.2565172422,1.14640763820344,0.30632332540885,7.86935765410938e-06,0.00112294969708835
"ENSMUSG00000074785.5",884.15469053175,0.983625144621236,0.215250991839155,2.47974597076345e-07,6.39426425934757e-05
"ENSMUSG00000076564.2",39.3274861815664,-0.0742611122712712,0.175098017244916,0.000277853048243884,0.0168755541449943
"ENSMUSG00000076612.8",537.930446601075,-0.0596635529121045,0.164242268347352,0.000478708481135058,0.0243213810333719
"ENSMUSG00000076613.4",693.450665430671,-0.087893694419275,0.189327087098805,3.38735232507816e-06,0.000535347359935471
"ENSMUSG00000076614.7",135.746607067221,-3.91574282663645,0.742771848247545,5.456188227755e-09,3.08442517582857e-06
"ENSMUSG00000076617.9",936.831514848626,-1.97466929710377,0.451323155673451,4.82029782679804e-07,0.000116145471243078
"ENSMUSG00000076937.3",27.3184253146056,-0.0895231798375737,0.188840815570312,0.000918195638967715,0.0385012185709953
"ENSMUSG00000078517.12",870.063894022728,0.569092080209851,0.196911018325639,0.000230214269973517,0.0149061204408403
"ENSMUSG00000078606.8",488.761982236317,-1.44572252208569,0.231367923007779,1.95435686506198e-11,2.39376143355675e-08
"ENSMUSG00000078672.2",75534.7766256392,-0.0392892116392747,0.153916116314475,7.40608584657001e-09,3.51727495120726e-06
"ENSMUSG00000078683.9",1472.28154495599,-0.0307759776798406,0.150663309197934,0.00028804815148097,0.0171406142933899
"ENSMUSG00000078817.4",515.097134947972,-1.38190644027728,0.373479571820433,8.62210777311301e-06,0.00119554471744543
"ENSMUSG00000078922.9",427.463250471505,-2.18866573121757,0.371823301873203,1.70973105779526e-10,1.47821335808675e-07
"ENSMUSG00000078964.2",2024.54926369035,0.625046542609164,0.222042051951235,0.00026292445875637,0.0162372424151308
"ENSMUSG00000079495.2",9.3318519418356,-0.0433639361472054,0.155530357857206,4.44768426544317e-05,0.00427268387800547
"ENSMUSG00000083287.4",444.078211765415,0.674188463855862,0.237050347256376,0.000224796494972519,0.0146197295712658
"ENSMUSG00000086308.1",12.1654507992283,-0.0531470119865087,0.160254220351194,0.000758528491764899,0.0336823316373429
"ENSMUSG00000087382.7",111.212588571341,-1.68785266655159,0.606515684927941,0.000164606406937138,0.0118018778983515
"ENSMUSG00000087556.1",18.6632468740656,3.69955255667352,0.871872678678403,1.06321826021054e-06,0.000222255244326475
"ENSMUSG00000089694.2",15.3508448064681,7.45634129951425,2.8543318637677,3.86588872567045e-06,0.000604476941381961
"ENSMUSG00000089940.1",77.7762663730837,-0.0645094960000938,0.167176167753626,0.00113154002397947,0.0436869997962838
"ENSMUSG00000089943.1",6378.90772008587,1.37385534678515,0.283245204743993,5.7490318659861e-08,1.96509931084334e-05
"ENSMUSG00000089960.1",17296.9020891707,0.731080096500633,0.194814917393975,1.02466985732122e-05,0.00136914523299157
"ENSMUSG00000090061.9",10.5772600156875,-0.0503629210278933,0.158744681636772,0.00072946614820313,0.0326880897752732
"ENSMUSG00000090306.5",321.364065519386,-1.17938576631957,0.588502787766066,0.00118471377322487,0.0451111995825367
"ENSMUSG00000090381.2",41.3653873449931,-5.41246082539098,0.92319894110827,4.577493247747e-10,3.54105240817818e-07
"ENSMUSG00000090523.2",296.312248419702,1.0690719408669,0.401308773240178,0.000285917244894449,0.0170829742498317
"ENSMUSG00000092075.1",166.793155400256,-0.0216059187075222,0.148222144978148,0.000173784441785788,0.012280210218113
"ENSMUSG00000092283.1",24.8834733397422,-0.0804290123113396,0.182044351311795,3.8822389186909e-08,1.39173530797363e-05
"ENSMUSG00000094156.2",64.2555235084907,3.02562416472789,0.611387977308711,3.83831718283231e-08,1.39173530797363e-05
"ENSMUSG00000094410.8",680.713436435156,0.661430851672216,0.247731754758351,0.000375769854603308,0.0203803148448687
"ENSMUSG00000094420.2",84.9592212004635,-0.119673405442426,0.232489463449187,0.000128607240455465,0.00976565501662043
"ENSMUSG00000094708.1",105.730020944048,10.9872067312583,3.02795577828805,1.5834917438465e-13,2.58601796122843e-10
"ENSMUSG00000094793.1",632.719875284434,-0.0191528944717274,0.147707824806826,0.000291191093085189,0.0172577688958311
"ENSMUSG00000095597.2",40.6972205592378,9.41404412431503,2.84251528490327,4.22205236938231e-11,4.1819490838646e-08
"ENSMUSG00000095612.2",17.6924479857765,-0.0498981953209386,0.158816475766579,9.90696606520791e-05,0.00802125188497307
"ENSMUSG00000095630.2",64.1184812969583,-0.143341236936347,0.285224220524341,9.91586828554593e-05,0.00802125188497307
"ENSMUSG00000095937.1",105.730020944048,10.9872067312583,3.02795577828805,1.5834917438465e-13,2.58601796122843e-10
"ENSMUSG00000096459.1",55.9392989861529,-0.0922061615440685,0.192079445895604,0.00063045132281223,0.0298915275570779
"ENSMUSG00000096606.2",411.395786028149,0.82960423011796,0.294592212267952,0.000210613633719042,0.013881610710325
"ENSMUSG00000097148.2",221.589903585924,-3.86837749539839,0.451492990499654,4.97266331594715e-19,7.30882054177913e-15
"ENSMUSG00000097321.5",189.854856941863,-1.41893019909415,0.395096683501411,1.28730321199781e-05,0.00160345615338507
"ENSMUSG00000098650.1",8.45525813403688,6.10653833807034,2.92564335024078,0.000175879412545162,0.0123098838361371
"ENSMUSG00000098973.1",24628.3589366863,-0.078255791764755,0.177853958080447,0.00135193704299707,0.0498491974179823
"ENSMUSG00000099406.1",1157.58401663419,-0.493095091049617,0.191013937842091,0.000639442569130464,0.0300272424315641
"ENSMUSG00000100094.1",2555.80189776822,0.756557307817795,0.34001366131715,0.000929665895713518,0.0385012185709953
"ENSMUSG00000105270.1",42.651607860287,2.79819511392483,1.03026274227397,0.000204833891143948,0.0137472535709304
"ENSMUSG00000106040.1",14.7636777053134,5.47897606979025,1.59518920052656,2.61773030613168e-05,0.00280842336054916
"ENSMUSG00000106069.1",84.8679745465286,1.83854385061399,0.869505574962287,0.00088011681187922,0.0373871586734126
"ENSMUSG00000106106.2",165380.105272662,-1.84093539210984,0.794086923559158,0.000506759315493133,0.0251633392537772
"ENSMUSG00000106874.1",1493.18055003825,-0.43386358077142,0.171110638376592,0.000864921918900775,0.0368481807652278
"ENSMUSG00000108621.1",411.833908784922,0.854389515414631,0.39564134107794,0.00104637750944619,0.0416792862705693
"ENSMUSG00000109879.1",22.4011841298016,1.83885978246237,0.906235346833998,0.00112545589791766,0.0436463081466853
"ENSMUSG00000110040.1",352.673467428309,-1.40080851326621,0.63182546383661,0.000719221461198777,0.0323275750357787
"ENSMUSG00000112342.1",1141.23039834071,0.722818410655108,0.29947680371689,0.000674406478979631,0.0307378310330189
"ENSMUSG00000112349.1",198.049769946987,1.59002241197158,0.388937651093617,1.84414397843747e-06,0.000338815352438424
"ENSMUSG00000112366.1",81.6261704459632,-1.43710709758702,0.560648187876231,0.000323041911379194,0.0184607819065373
"ENSMUSG00000112449.1",82.168849297861,1.25397254142838,0.451159890982358,0.000207390080571264,0.0138369511422517
"ENSMUSG00000112523.1",841.891429922368,-0.646316514029844,0.188084984500029,3.37160463896626e-05,0.00344137812385598
"ENSMUSG00000113175.1",1179.18429654789,-0.563858092887965,0.181241602300805,0.000115641391869821,0.00894577461948751
"ENSMUSG00000113393.1",543.97379364327,1.28379387961324,0.498669367374848,0.000333889325595057,0.0188750204138313
"ENSMUSG00000114123.1",112.044808640408,1.77987609167515,0.540839202625916,3.69656837131823e-05,0.00367109202173212
"ENSMUSG00000114257.1",190.364080357392,1.46615008040793,0.525043388198133,0.000179449249637804,0.0124412503357379
"ENSMUSG00000114367.1",211.763756384814,1.39505399406408,0.504326027350697,0.000197262464807122,0.0134229801284031
"ENSMUSG00000114818.1",33.2660434893116,-3.36491618495276,0.765471916498767,3.14691765695479e-07,7.97472340033129e-05
"ENSMUSG00000114828.1",125.089487497699,-0.976077722151398,0.337962084454037,0.000154028039593424,0.0112833684843102
"ENSMUSG00000115129.1",18.0768365486537,3.75221616439274,1.03038534658428,1.61775415882244e-05,0.00193315045742864
"ENSMUSG00000115167.1",107.691642370092,1.26595119255893,0.449111418442374,0.000176995429639546,0.0123292835300571
"ENSMUSG00000115801.1",26360.7366209101,-0.615206091622048,0.146732978892201,1.16084669170935e-06,0.00023697395381589
"ENSMUSG00000116378.1",697.428484841672,0.692643487175012,0.255108044621751,0.00031806019223936,0.0182611277559926
"ENSMUSG00000116975.1",140.885466600717,2.35236303523091,0.569209552847106,1.45240030808674e-06,0.000284631729710119
"ENSMUSG00000117780.1",615.561581896812,-3.11123110013717,0.391106506285545,8.09354141133759e-17,3.965295722128e-13
